stt,login_username,login_pwd,first_name,middle_name,last_name,id,username,pwd,re_pwd,status,,
1,admin,Beebapcay2000+,Janette,Starr,Simkovich,,ssimkovich0,DkWS@sW5lEn+*@,DkWS@sW5lEn+*@,Enabled,,
2,admin,Beebapcay2000+,Guthrie,Orsa,Jammet,,ojammet1,eYdMrG+6ht+*@,eYdMrG+6ht+*@,Enabled,,
3,admin,Beebapcay2000+,Kristian,Bryce,Marion,,bmarion2,Dah0qdZgO++*,Dah0qdZgO++*,Enabled,,
4,admin,Beebapcay2000+,Anett,Katharina,Brokenshaw,,kbrokenshaw3,a4e6vRfZ++*,a4e6vRfZ++*,Enabled,,
5,admin,Beebapcay2000+,Edgard,Giulietta,Negro,,gnegro4,Ur4DSp3PMx++*@,Ur4DSp3PMx++*@,Enabled,,
6,admin,Beebapcay2000+,Aaren,David,Charity,,dcharity5,3s81Z9FLQZ+*,3s81Z9FLQZ+*,Enabled,,
7,admin,Beebapcay2000+,Eloisa,Sayre,Keane,,skeane6,zqvDMJHKK+*@$&,zqvDMJHKK+*@$&,Enabled,,
8,admin,Beebapcay2000+,Conan,Heddi,Trusse,,htrusse7,3JYmjgE+*@$&,3JYmjgE+*@$&,Enabled,,
9,admin,Beebapcay2000+,Wilow,Kendra,Breakwell,,kbreakwell8,v8tAUC+*@$&,v8tAUC+*@$&,Enabled,,
10,admin,Beebapcay2000+,Bryn,Madelina,Cammiemile,,mcammiemile9,eZNtWTQ+*,eZNtWTQ+*,Enabled,,
11,admin,Beebapcay2000+,Otis,Eilis,Cardiff,,ecardiffa,sx9mAS7p+*@$,sx9mAS7p+*@$,Enabled,,
12,admin,Beebapcay2000+,Mariam,Kit,Cino,,kcinob,jzBxKTg+*@$&,jzBxKTg+*@$&,Enabled,,
13,admin,Beebapcay2000+,Teddy,Georgeanna,Stalf,,gstalfc,HfABdgSV+*,HfABdgSV+*,Enabled,,
14,admin,Beebapcay2000+,Marlena,Sibylla,Gligoraci,,sgligoracid,YdgUrJB+*,YdgUrJB+*,Enabled,,
15,admin,Beebapcay2000+,Mignon,Giacomo,Tudge,,gtudgee,TW4mGITt840+,TW4mGITt840+,Enabled,,
16,admin,Beebapcay2000+,Esme,Patrizio,Domino,,pdominof,CbXOKa7+*@$,CbXOKa7+*@$,Enabled,,
17,admin,Beebapcay2000+,Hatty,Jacky,Tigner,,jtignerg,L4ppvOO+,L4ppvOO+,Enabled,,
18,admin,Beebapcay2000+,Nev,Shaylyn,Kirwood,,skirwoodh,uqKboI+*@$&,uqKboI+*@$&,Enabled,,
19,admin,Beebapcay2000+,Corbie,Leone,Prophet,,lpropheti,OQ9l4NumK13+,OQ9l4NumK13+,Enabled,,
20,admin,Beebapcay2000+,Christean,Kristien,Brockie,,kbrockiej,a3PmPstFF+*@$,a3PmPstFF+*@$,Enabled,,
21,admin,Beebapcay2000+,Woodrow,Gardy,Murrock,,gmurrockk,25oniWd+*@$,25oniWd+*@$,Enabled,,
22,admin,Beebapcay2000+,Horace,Aurea,Opdenorth,,aopdenorthl,Lc7WagGI+*@,Lc7WagGI+*@,Enabled,,
23,admin,Beebapcay2000+,Fairfax,Roselle,Pettman,,rpettmanm,4aSUw5Lsi+*,4aSUw5Lsi+*,Enabled,,
24,admin,Beebapcay2000+,Kelvin,Kelsey,Gilbody,,kgilbodyn,EBGHbbPHtnp+*@$&,EBGHbbPHtnp+*@$&,Enabled,,
25,admin,Beebapcay2000+,Riobard,Tani,Rubenchik,,trubenchiko,2Xz1PgTm8f+*@$,2Xz1PgTm8f+*@$,Enabled,,
26,admin,Beebapcay2000+,Steward,Eduino,Winteringham,,ewinteringhamp,CkO0VL1yZ+,CkO0VL1yZ+,Enabled,,
27,admin,Beebapcay2000+,Merle,Mahmud,Vignaux,,mvignauxq,ce9JXj75+*@,ce9JXj75+*@,Enabled,,
28,admin,Beebapcay2000+,Gannon,Vera,Cammidge,,vcammidger,vjyIWC+,vjyIWC+,Enabled,,
29,admin,Beebapcay2000+,Morse,Shane,Herity,,sheritys,oHN3TVhMi58+*,oHN3TVhMi58+*,Enabled,,
30,admin,Beebapcay2000+,Thorin,Kennan,Lombard,,klombardt,Vvmbrq5+,Vvmbrq5+,Enabled,,
31,admin,Beebapcay2000+,Drake,Jackie,Fowell,,jfowellu,CkbzgQw6+*@$,CkbzgQw6+*@$,Enabled,,
32,admin,Beebapcay2000+,Buck,Hewitt,Treswell,,htreswellv,EtKqsuo+*@,EtKqsuo+*@,Enabled,,
33,admin,Beebapcay2000+,Luisa,Skip,Sampson,,ssampsonw,oo7jhyGH3nDy+*@$&,oo7jhyGH3nDy+*@$&,Enabled,,
34,admin,Beebapcay2000+,Selinda,Timi,Malpass,,tmalpassx,tNmnfmD1ayx+*@$&,tNmnfmD1ayx+*@$&,Enabled,,
35,admin,Beebapcay2000+,Viki,Boone,Kingcote,,bkingcotey,xtrRKG+*,xtrRKG+*,Enabled,,
36,admin,Beebapcay2000+,Alisha,Willyt,McCawley,,wmccawleyz,IGPjAx+,IGPjAx+,Enabled,,
37,admin,Beebapcay2000+,Wald,Budd,Twort,,btwort10,PPaIJA2EmT06+*@,PPaIJA2EmT06+*@,Enabled,,
38,admin,Beebapcay2000+,Townsend,Damien,Toffoloni,,dtoffoloni11,tYRY33B+*,tYRY33B+*,Enabled,,
39,admin,Beebapcay2000+,Ailene,Tammy,Marven,,tmarven12,PGEZuww+,PGEZuww+,Enabled,,
40,admin,Beebapcay2000+,Cyrus,Pasquale,Ingleston,,pingleston13,z5WWgZfc+,z5WWgZfc+,Enabled,,
41,admin,Beebapcay2000+,Sandi,Wandis,Skurm,,wskurm14,82eS7UK+*@,82eS7UK+*@,Enabled,,
42,admin,Beebapcay2000+,Shari,Emily,Heaven,,eheaven15,0A6nv7R+*@,0A6nv7R+*@,Enabled,,
43,admin,Beebapcay2000+,Asher,Cheston,McCall,,cmccall16,8GtValvW8+*,8GtValvW8+*,Enabled,,
44,admin,Beebapcay2000+,Pearl,Brandyn,Staining,,bstaining17,TfVKdU6pDvOT+*@$,TfVKdU6pDvOT+*@$,Enabled,,
45,admin,Beebapcay2000+,Danell,Kamillah,Cordeau],,kcordeau18,1twvfwa+*,1twvfwa+*,Enabled,,
46,admin,Beebapcay2000+,Adrienne,Humphrey,Burkart,,hburkart19,IGN67y57+*@$&,IGN67y57+*@$&,Enabled,,
47,admin,Beebapcay2000+,Toma,Jennilee,Gregs,,jgregs1a,yPVJrn+*@$,yPVJrn+*@$,Enabled,,
48,admin,Beebapcay2000+,Jeromy,Lilas,Carolan,,lcarolan1b,8naFAL+*@,8naFAL+*@,Enabled,,
49,admin,Beebapcay2000+,Krishna,Lexie,Treverton,,ltreverton1c,MU7RtU33Qs2K+*@$&,MU7RtU33Qs2K+*@$&,Enabled,,
50,admin,Beebapcay2000+,Marrilee,Wilbert,Vann,,wvann1d,cASqFbPBs+,cASqFbPBs+,Enabled,,
51,admin,Beebapcay2000+,Mordy,Cathrin,Kynston,,ckynston1e,GqIrwpwW5BaY+*@,GqIrwpwW5BaY+*@,Enabled,,
52,admin,Beebapcay2000+,Matelda,Erna,Orviss,,eorviss1f,4LbR5yq+*,4LbR5yq+*,Enabled,,
53,admin,Beebapcay2000+,Geneva,Melita,Greson,,mgreson1g,1EiQDdn1o+*@$&,1EiQDdn1o+*@$&,Enabled,,
54,admin,Beebapcay2000+,Jarid,Naoma,Rentelll,,nrentelll1h,H27K23b7i+*,H27K23b7i+*,Enabled,,
55,admin,Beebapcay2000+,Silvano,Constantina,Bridges,,cbridges1i,ObBlaNTnBlKO+*@,ObBlaNTnBlKO+*@,Enabled,,
56,admin,Beebapcay2000+,Yolane,Ranique,Stairs,,rstairs1j,ifq7A2XlfqMH+*,ifq7A2XlfqMH+*,Enabled,,
57,admin,Beebapcay2000+,Harmony,Yale,McCallum,,ymccallum1k,HrI5CKPKe+*,HrI5CKPKe+*,Enabled,,
58,admin,Beebapcay2000+,Cecilia,Godard,Urling,,gurling1l,2FiDNVzr+*@$&,2FiDNVzr+*@$&,Enabled,,
59,admin,Beebapcay2000+,Bryan,Theo,Willetts,,twilletts1m,abDmgiI8QXw+,abDmgiI8QXw+,Enabled,,
60,admin,Beebapcay2000+,Bebe,Derry,Okell,,dokell1n,OcFV4Ic0kp+,OcFV4Ic0kp+,Enabled,,
61,admin,Beebapcay2000+,Audra,Rickert,Ollerhad,,rollerhad1o,nir6voOqOq2+*@,nir6voOqOq2+*@,Enabled,,
62,admin,Beebapcay2000+,Mose,Nadeen,Iremonger,,niremonger1p,cwCyPrfxJ5+,cwCyPrfxJ5+,Enabled,,
63,admin,Beebapcay2000+,Hannah,Estrellita,Flaws,,eflaws1q,froJYmN+*@$,froJYmN+*@$,Enabled,,
64,admin,Beebapcay2000+,Luella,Toinette,Hollingby,,thollingby1r,KAgyVLY1I+*@$&,KAgyVLY1I+*@$&,Enabled,,
65,admin,Beebapcay2000+,Michel,Odilia,Queripel,,oqueripel1s,68LcB2y6F+*,68LcB2y6F+*,Enabled,,
66,admin,Beebapcay2000+,Audra,Antonietta,Sire,,asire1t,lmVGMAJEPW+*@$,lmVGMAJEPW+*@$,Enabled,,
67,admin,Beebapcay2000+,Wileen,Aridatha,McKevitt,,amckevitt1u,9gpKPo2F4oaR+*@$,9gpKPo2F4oaR+*@$,Enabled,,
68,admin,Beebapcay2000+,Kennie,Alec,Halstead,,ahalstead1v,UCQWCC1tr+*@$,UCQWCC1tr+*@$,Enabled,,
69,admin,Beebapcay2000+,Ewan,Matthew,Sherewood,,msherewood1w,RObtYFyBAZ+,RObtYFyBAZ+,Enabled,,
70,admin,Beebapcay2000+,Denys,Laure,Madison,,lmadison1x,8tJxtgsiloxT+*@$,8tJxtgsiloxT+*@$,Enabled,,
71,admin,Beebapcay2000+,Pamelina,Delia,Abramchik,,dabramchik1y,KBFTOtDFy+*@$,KBFTOtDFy+*@$,Enabled,,
72,admin,Beebapcay2000+,Pryce,Evelina,Cloney,,ecloney1z,hmu7Yxs+,hmu7Yxs+,Enabled,,
73,admin,Beebapcay2000+,Arluene,Obadias,Divill,,odivill20,0bIlvtKyly2i+*@$&,0bIlvtKyly2i+*@$&,Enabled,,
74,admin,Beebapcay2000+,Olivia,Debbi,Gorry,,dgorry21,WFdPxLg+*@$,WFdPxLg+*@$,Enabled,,
75,admin,Beebapcay2000+,Orrin,Ninnette,Ferronier,,nferronier22,1MwwVZI6en7+*@$&,1MwwVZI6en7+*@$&,Enabled,,
76,admin,Beebapcay2000+,Kellsie,Marisa,Orys,,morys23,iUMQEUc+*@$,iUMQEUc+*@$,Enabled,,
77,admin,Beebapcay2000+,Katerine,Agosto,Humphery,,ahumphery24,WkC3b9yG+,WkC3b9yG+,Enabled,,
78,admin,Beebapcay2000+,Tobey,Collen,Narramore,,cnarramore25,8fijW1vrOf+*@$,8fijW1vrOf+*@$,Enabled,,
79,admin,Beebapcay2000+,Deloria,Meggy,Franciskiewicz,,mfranciskiewicz26,YXqzyoV1+*@,YXqzyoV1+*@,Enabled,,
80,admin,Beebapcay2000+,Rowland,Kurtis,Jardine,,kjardine27,5qqQNqltp+*@$,5qqQNqltp+*@$,Enabled,,
81,admin,Beebapcay2000+,Darya,Marietta,Banaszkiewicz,,mbanaszkiewicz28,XIXkDI6d+*@$&,XIXkDI6d+*@$&,Enabled,,
82,admin,Beebapcay2000+,Aldus,Bernhard,Lumb,,blumb29,3nD58In+*,3nD58In+*,Enabled,,
83,admin,Beebapcay2000+,Vasily,Jolee,Mapplebeck,,jmapplebeck2a,GPhNcow8xhcC+*@,GPhNcow8xhcC+*@,Enabled,,
84,admin,Beebapcay2000+,Elianore,Roberta,Mixture,,rmixture2b,qPJtf8eUNaOU+*@$,qPJtf8eUNaOU+*@$,Enabled,,
85,admin,Beebapcay2000+,Bren,Olimpia,Brayfield,,obrayfield2c,AqipkihBbpb+,AqipkihBbpb+,Enabled,,
86,admin,Beebapcay2000+,Reta,Sauncho,Pitherick,,spitherick2d,qHutX0B7mA+*,qHutX0B7mA+*,Enabled,,
87,admin,Beebapcay2000+,Opaline,Diena,Cutsforth,,dcutsforth2e,xHLRG2lDct0G+*,xHLRG2lDct0G+*,Enabled,,
88,admin,Beebapcay2000+,Janet,Dugald,Leadston,,dleadston2f,BI95UE+*@,BI95UE+*@,Enabled,,
89,admin,Beebapcay2000+,Gwenni,Merrill,Libero,,mlibero2g,owv0jXiRGVCU+*@$&,owv0jXiRGVCU+*@$&,Enabled,,
90,admin,Beebapcay2000+,Hirsch,Natale,Etock,,netock2h,nlvVfw5Y+*@,nlvVfw5Y+*@,Enabled,,
91,admin,Beebapcay2000+,Lorrin,Caz,Luty,,cluty2i,85Q6UF+,85Q6UF+,Enabled,,
92,admin,Beebapcay2000+,Malissa,Estrellita,Aleshintsev,,ealeshintsev2j,QtGT18GT+*,QtGT18GT+*,Enabled,,
93,admin,Beebapcay2000+,Lora,Mordy,Reany,,mreany2k,MuPqEMLYX5e+*@$,MuPqEMLYX5e+*@$,Enabled,,
94,admin,Beebapcay2000+,Euphemia,Darn,Mariault,,dmariault2l,t3vFJg0LuWI+,t3vFJg0LuWI+,Enabled,,
95,admin,Beebapcay2000+,Mortie,Legra,Gendrich,,lgendrich2m,DkmlFM2Vpxlm+*,DkmlFM2Vpxlm+*,Enabled,,
96,admin,Beebapcay2000+,Glynnis,Aleece,Wrankmore,,awrankmore2n,5kwTD1JA96+*@$&,5kwTD1JA96+*@$&,Enabled,,
97,admin,Beebapcay2000+,Carlin,Kristoffer,Majury,,kmajury2o,MFpQLqIN8P+*,MFpQLqIN8P+*,Enabled,,
98,admin,Beebapcay2000+,Tracy,Norean,Marchment,,nmarchment2p,tUFJ7QL7Z5T+*,tUFJ7QL7Z5T+*,Enabled,,
99,admin,Beebapcay2000+,Leora,Binny,Denis,,bdenis2q,QgttI6QBk+*@,QgttI6QBk+*@,Enabled,,
100,admin,Beebapcay2000+,Linc,Kori,Beades,,kbeades2r,BuMJcH4bR9+,BuMJcH4bR9+,Enabled,,
